Category,Field,Value,Organization/Event
Organization,Name,The Penrod Society®,Penrod Arts Fair
Organization,Type,"501(c)(3) all-volunteer nonprofit",Penrod Arts Fair
Organization,Founded,1967,Penrod Arts Fair
Organization,Location,"Indianapolis, IN",Penrod Arts Fair
Organization,EIN,35-6069479,Penrod Arts Fair
Organization,Revenue (2024),"~$1,040,000",Penrod Arts Fair
Organization,Assets (2024),"~$1,370,000",Penrod Arts Fair
Organization,Mission,"Support arts, cultural, and educational institutions in Central Indiana",Penrod Arts Fair
Organization,Website,penrod.org,Penrod Arts Fair
Organization,Hosting,Squarespace,Penrod Arts Fair
Organization,Annual Grants,"$300K+ to ~88 Central Indiana arts orgs",Penrod Arts Fair
Event,Name,Penrod Arts Fair (flagship),Penrod Arts Fair
Event,Date,September 5 2026,Penrod Arts Fair
Event,Venue,"Newfields campus, Indianapolis",Penrod Arts Fair
Event,Hours,9am–5pm (single day),Penrod Arts Fair
Event,Attendance,20000+,Penrod Arts Fair
Event,Features,"350+ artist booths, 5 stages live music, 50+ nonprofit booths, children's area, food/drink",Penrod Arts Fair
Event,Tickets,$20 GA / kids 10 & under free / non-refundable,Penrod Arts Fair
Event,Ticketing Platform,Likely Squarespace Commerce or at-gate,Penrod Arts Fair
Event,Name,Easel by Penrod (spring event),Penrod Arts Fair
Event,Date,March 7 2026,Penrod Arts Fair
Event,Venue,"The Stutz Building, 1060 N Capitol Ave, Indianapolis",Penrod Arts Fair
Event,Hours,6:30–11pm,Penrod Arts Fair
Event,Features,"21+ cocktail event — open artist studios, live music, open bar, hors d'oeuvres, art for sale",Penrod Arts Fair
Event,Vibe,"Elevated/upscale fundraiser, cocktail attire",Penrod Arts Fair
Event,Ticketing Platform,OpenDate (app.opendate.io),Penrod Arts Fair
Ticketing,Provider,OpenDate,Penrod Arts Fair
Ticketing,Used For,Easel by Penrod,Penrod Arts Fair
Ticketing,Contact,tickets@penrod.org,Penrod Arts Fair
Leadership,President,Bryan Strawbridge,Penrod Arts Fair
Leadership,Vice President,John Roach,Penrod Arts Fair
Leadership,Treasurer,Sam Muse,Penrod Arts Fair
Leadership,Secretary,Evan Bryant,Penrod Arts Fair
Leadership,Board Member,Tim Haley,Penrod Arts Fair
Leadership,Board Member,Brenden Pavlica,Penrod Arts Fair
Leadership,Board Member,Barry Wormser,Penrod Arts Fair
Leadership,Board Member,Tom Blackwell,Penrod Arts Fair
Leadership,Board Member,Mac Schilling,Penrod Arts Fair
Leadership,Board Member,Ronan Johnson,Penrod Arts Fair
Leadership,Board Member,Ryan Evans,Penrod Arts Fair
Leadership,Note,All positions unpaid volunteers,Penrod Arts Fair
Contact,Best Contact,Sam Muse (Treasurer + Grant Allocation Chair),Penrod Arts Fair
Contact,Sam Muse Email,sdmuse@fi3advisors.com,Penrod Arts Fair
Contact,Allocations Email,allocations@penrod.org,Penrod Arts Fair
Contact,Ticketing Email,tickets@penrod.org,Penrod Arts Fair
Contact,General Contact,penrod.org/contact-us (select Sponsorship Inquiry),Penrod Arts Fair
Contact,PR/Media,penrod@dittoepr.com (Dittoe PR),Penrod Arts Fair
Contact,Volunteer,volunteer@penrod.org,Penrod Arts Fair
,,,,
Comparable Fair,Name,Cherry Creek Arts Festival,Cherry Creek Arts Festival
Comparable Fair,Org,CherryArts (nonprofit),Cherry Creek Arts Festival
Comparable Fair,Location,"Cherry Creek North, Denver, CO",Cherry Creek Arts Festival
Comparable Fair,When,Summer weekend (typically July),Cherry Creek Arts Festival
Comparable Fair,Duration,3 days,Cherry Creek Arts Festival
Comparable Fair,Artists,250 juried artists,Cherry Creek Arts Festival
Comparable Fair,Attendance,350000+,Cherry Creek Arts Festival
Comparable Fair,Features,"Art, food, music, kids' activities",Cherry Creek Arts Festival
Comparable Fair,Tickets,Free admission,Cherry Creek Arts Festival
Comparable Fair,Website,cherryarts.org,Cherry Creek Arts Festival
,,,,
Comparable Fair,Name,Ann Arbor Art Fair,Ann Arbor Art Fair
Comparable Fair,Org,"3 independent nonprofit fairs combined",Ann Arbor Art Fair
Comparable Fair,Location,"Downtown Ann Arbor, MI",Ann Arbor Art Fair
Comparable Fair,When,"July 16–18, 2026",Ann Arbor Art Fair
Comparable Fair,Duration,3 days,Ann Arbor Art Fair
Comparable Fair,Artists,~1000 artists / 30 city blocks,Ann Arbor Art Fair
Comparable Fair,Attendance,500000,Ann Arbor Art Fair
Comparable Fair,Features,"Largest juried art fair in the US, 3 concurrent fairs",Ann Arbor Art Fair
Comparable Fair,Tickets,Free admission,Ann Arbor Art Fair
Comparable Fair,Website,theannarborartfair.com,Ann Arbor Art Fair
,,,,
Comparable Fair,Name,Bayou City Art Festival,Bayou City Art Festival
Comparable Fair,Org,"Art Colony Association Inc (501c3)",Bayou City Art Festival
Comparable Fair,Location,"Downtown Houston, TX",Bayou City Art Festival
Comparable Fair,When,Spring (typically March/April),Bayou City Art Festival
Comparable Fair,Duration,2 days,Bayou City Art Festival
Comparable Fair,Artists,250+ artists / 19 disciplines,Bayou City Art Festival
Comparable Fair,Attendance,300000+,Bayou City Art Festival
Comparable Fair,Features,"Live music, food trucks, kids area, culinary demos",Bayou City Art Festival
Comparable Fair,Tickets,Ticketed (TicketSpice),Bayou City Art Festival
Comparable Fair,Website,bayoucityartfestival.com,Bayou City Art Festival
,,,,
Comparable Fair,Name,St. James Court Art Show,St. James Court Art Show
Comparable Fair,Org,Nonprofit (volunteer-run),St. James Court Art Show
Comparable Fair,Location,"Old Louisville, Louisville, KY",St. James Court Art Show
Comparable Fair,When,"First weekend of October, 2026 (70th year)",St. James Court Art Show
Comparable Fair,Duration,3 days (Fri–Sun),St. James Court Art Show
Comparable Fair,Artists,600+ juried artists,St. James Court Art Show
Comparable Fair,Attendance,200000+,St. James Court Art Show
Comparable Fair,Features,"4-square-block show among Victorian homes, 6 sections",St. James Court Art Show
Comparable Fair,Tickets,Free admission,St. James Court Art Show
Comparable Fair,Website,stjamescourtartshow.com,St. James Court Art Show
,,,,
Comparable Fair,Name,Des Moines Arts Festival,Des Moines Arts Festival
Comparable Fair,Org,"Des Moines Arts Festival Inc (501c3)",Des Moines Arts Festival
Comparable Fair,Location,"Western Gateway Park, Des Moines, IA",Des Moines Arts Festival
Comparable Fair,When,"June 26–28, 2026",Des Moines Arts Festival
Comparable Fair,Duration,3 days,Des Moines Arts Festival
Comparable Fair,Artists,195 juried artists,Des Moines Arts Festival
Comparable Fair,Attendance,150000+,Des Moines Arts Festival
Comparable Fair,Features,"Art, music, film, 16x Grand Pinnacle Award winner",Des Moines Arts Festival
Comparable Fair,Tickets,Free admission,Des Moines Arts Festival
Comparable Fair,Website,desmoinesartsfestival.org,Des Moines Arts Festival
,,,,
Comparable Fair,Name,Coconut Grove Arts Festival,Coconut Grove Arts Festival
Comparable Fair,Org,"Coconut Grove Arts Festival (nonprofit)",Coconut Grove Arts Festival
Comparable Fair,Location,"Coconut Grove, Miami, FL",Coconut Grove Arts Festival
Comparable Fair,When,Presidents Day weekend (February),Coconut Grove Arts Festival
Comparable Fair,Duration,3 days,Coconut Grove Arts Festival
Comparable Fair,Artists,300+ juried artists,Coconut Grove Arts Festival
Comparable Fair,Attendance,120000+,Coconut Grove Arts Festival
Comparable Fair,Features,"62nd annual (2026), outdoor along Biscayne Bay",Coconut Grove Arts Festival
Comparable Fair,Tickets,Ticketed (~$15 GA),Coconut Grove Arts Festival
Comparable Fair,Website,cgaf.com,Coconut Grove Arts Festival
,,,,
Comparable Fair,Name,Artisphere,Artisphere
Comparable Fair,Org,Artisphere (nonprofit),Artisphere
Comparable Fair,Location,"Downtown Greenville, SC",Artisphere
Comparable Fair,When,"May 8–10, 2026",Artisphere
Comparable Fair,Duration,3 days,Artisphere
Comparable Fair,Artists,100+ juried artists,Artisphere
Comparable Fair,Attendance,80000+,Artisphere
Comparable Fair,Features,"Art, live music, local food, founded 2003",Artisphere
Comparable Fair,Tickets,Free admission,Artisphere
Comparable Fair,Website,artisphere.org,Artisphere
,,,,
Comparable Fair,Name,Krasl Art Fair on the Bluff,Krasl Art Fair on the Bluff
Comparable Fair,Org,Krasl Art Center (nonprofit),Krasl Art Fair on the Bluff
Comparable Fair,Location,"St. Joseph, MI (Lake Michigan bluff)",Krasl Art Fair on the Bluff
Comparable Fair,When,"July 11–12, 2026 (64th annual)",Krasl Art Fair on the Bluff
Comparable Fair,Duration,2 days,Krasl Art Fair on the Bluff
Comparable Fair,Artists,172 juried artists,Krasl Art Fair on the Bluff
Comparable Fair,Attendance,60000+,Krasl Art Fair on the Bluff
Comparable Fair,Features,"Lakefront setting, block party pre-fair, shuttle service",Krasl Art Fair on the Bluff
Comparable Fair,Tickets,"Free admission (Block Party $10)",Krasl Art Fair on the Bluff
Comparable Fair,Website,krasl.org/art-fair,Krasl Art Fair on the Bluff
,,,,
Comparable Fair,Name,Summerfair Cincinnati,Summerfair Cincinnati
Comparable Fair,Org,Summerfair Inc (nonprofit),Summerfair Cincinnati
Comparable Fair,Location,"Coney Island, Cincinnati, OH",Summerfair Cincinnati
Comparable Fair,When,June (typically Father's Day weekend),Summerfair Cincinnati
Comparable Fair,Duration,3 days,Summerfair Cincinnati
Comparable Fair,Artists,300+ juried artists,Summerfair Cincinnati
Comparable Fair,Attendance,20000+,Summerfair Cincinnati
Comparable Fair,Features,"50+ year tradition, supports arts scholarships & exhibitions",Summerfair Cincinnati
Comparable Fair,Tickets,Ticketed,Summerfair Cincinnati
Comparable Fair,Website,summerfair.org,Summerfair Cincinnati
,,,,
Comparable Fair,Name,Gasparilla Festival of the Arts,Gasparilla Festival of the Arts
Comparable Fair,Org,Gasparilla Festival of the Arts (nonprofit),Gasparilla Festival of the Arts
Comparable Fair,Location,"Curtis Hixon Waterfront Park, Tampa, FL",Gasparilla Festival of the Arts
Comparable Fair,When,Early March,Gasparilla Festival of the Arts
Comparable Fair,Duration,2 days,Gasparilla Festival of the Arts
Comparable Fair,Artists,250+ juried artists,Gasparilla Festival of the Arts
Comparable Fair,Attendance,100000+,Gasparilla Festival of the Arts
Comparable Fair,Features,"Waterfront setting, live music, food",Gasparilla Festival of the Arts
Comparable Fair,Tickets,Free admission,Gasparilla Festival of the Arts
Comparable Fair,Website,gasparillaarts.com,Gasparilla Festival of the Arts
,,,,
Comparable Fair,Name,Three Rivers Arts Festival,Three Rivers Arts Festival
Comparable Fair,Org,Pittsburgh Cultural Trust (nonprofit),Three Rivers Arts Festival
Comparable Fair,Location,"Point State Park & Downtown Pittsburgh, PA",Three Rivers Arts Festival
Comparable Fair,When,Early June,Three Rivers Arts Festival
Comparable Fair,Duration,10 days,Three Rivers Arts Festival
Comparable Fair,Artists,350+ artists & makers,Three Rivers Arts Festival
Comparable Fair,Attendance,400000+,Three Rivers Arts Festival
Comparable Fair,Features,"10-day free festival, music stages, artist market",Three Rivers Arts Festival
Comparable Fair,Tickets,Free admission,Three Rivers Arts Festival
Comparable Fair,Website,tfrpgh.org,Three Rivers Arts Festival
,,,,
Comparable Fair,Name,Old Town Art Fair,Old Town Art Fair
Comparable Fair,Org,Old Town Triangle Association (nonprofit),Old Town Art Fair
Comparable Fair,Location,"Lincoln Park / Old Town, Chicago, IL",Old Town Art Fair
Comparable Fair,When,Second weekend of June,Old Town Art Fair
Comparable Fair,Duration,2 days,Old Town Art Fair
Comparable Fair,Artists,250 juried artists,Old Town Art Fair
Comparable Fair,Attendance,50000+,Old Town Art Fair
Comparable Fair,Features,"One of the oldest art fairs in the US (est. 1950), garden walks",Old Town Art Fair
Comparable Fair,Tickets,Suggested $10 donation,Old Town Art Fair
Comparable Fair,Website,oldtownartfair.com,Old Town Art Fair
,,,,
Comparable Fair,Name,Utah Arts Festival,Utah Arts Festival
Comparable Fair,Org,Utah Arts Festival (nonprofit),Utah Arts Festival
Comparable Fair,Location,"Library Square, Salt Lake City, UT",Utah Arts Festival
Comparable Fair,When,Late June,Utah Arts Festival
Comparable Fair,Duration,4 days,Utah Arts Festival
Comparable Fair,Artists,150+ juried artists,Utah Arts Festival
Comparable Fair,Attendance,80000+,Utah Arts Festival
Comparable Fair,Features,"Art, live music, film, dance, literary arts, kids area",Utah Arts Festival
Comparable Fair,Tickets,Ticketed (~$15),Utah Arts Festival
Comparable Fair,Website,uaf.org,Utah Arts Festival
,,,,
Comparable Fair,Name,Lakefront Festival of Art,Lakefront Festival of Art
Comparable Fair,Org,Milwaukee Art Museum (nonprofit),Lakefront Festival of Art
Comparable Fair,Location,"Milwaukee Art Museum lakefront, Milwaukee, WI",Lakefront Festival of Art
Comparable Fair,When,Third weekend of June,Lakefront Festival of Art
Comparable Fair,Duration,3 days,Lakefront Festival of Art
Comparable Fair,Artists,175+ juried artists,Lakefront Festival of Art
Comparable Fair,Attendance,35000+,Lakefront Festival of Art
Comparable Fair,Features,"Lakefront setting, museum access, live music, wine garden",Lakefront Festival of Art
Comparable Fair,Tickets,Ticketed (~$19),Lakefront Festival of Art
Comparable Fair,Website,lfoa.mam.org,Lakefront Festival of Art
,,,,
Comparable Fair,Name,Plaza Art Fair,Plaza Art Fair
Comparable Fair,Org,Country Club Plaza / nonprofit partnership,Plaza Art Fair
Comparable Fair,Location,"Country Club Plaza, Kansas City, MO",Plaza Art Fair
Comparable Fair,When,Last weekend of September,Plaza Art Fair
Comparable Fair,Duration,3 days,Plaza Art Fair
Comparable Fair,Artists,240 juried artists,Plaza Art Fair
Comparable Fair,Attendance,250000+,Plaza Art Fair
Comparable Fair,Features,"One of the top outdoor fairs, live music on 3 stages, food",Plaza Art Fair
Comparable Fair,Tickets,Free admission,Plaza Art Fair
Comparable Fair,Website,plazaartfair.com,Plaza Art Fair
,,,,
Comparable Fair,Name,Laumeier Art Fair,Laumeier Art Fair
Comparable Fair,Org,Laumeier Sculpture Park (nonprofit),Laumeier Art Fair
Comparable Fair,Location,"Laumeier Sculpture Park, St. Louis, MO",Laumeier Art Fair
Comparable Fair,When,May (Mother's Day weekend),Laumeier Art Fair
Comparable Fair,Duration,2 days,Laumeier Art Fair
Comparable Fair,Artists,150+ juried artists,Laumeier Art Fair
Comparable Fair,Attendance,100000+,Laumeier Art Fair
Comparable Fair,Features,"Sculpture park setting, live music, food, wine & beer",Laumeier Art Fair
Comparable Fair,Tickets,Ticketed (~$10),Laumeier Art Fair
Comparable Fair,Website,laumeier.org/art-fair,Laumeier Art Fair
,,,,
Comparable Fair,Name,Uptown Art Fair,Uptown Art Fair
Comparable Fair,Org,Uptown Association (nonprofit),Uptown Art Fair
Comparable Fair,Location,"Uptown neighborhood, Minneapolis, MN",Uptown Art Fair
Comparable Fair,When,First weekend of August,Uptown Art Fair
Comparable Fair,Duration,3 days,Uptown Art Fair
Comparable Fair,Artists,350+ juried artists,Uptown Art Fair
Comparable Fair,Attendance,375000+,Uptown Art Fair
Comparable Fair,Features,"One of the top-ranked outdoor fairs in the US, music, food",Uptown Art Fair
Comparable Fair,Tickets,Free admission,Uptown Art Fair
Comparable Fair,Website,uptownartfair.com,Uptown Art Fair
,,,,
Comparable Fair,Name,Festival of the Arts,Festival of the Arts
Comparable Fair,Org,"Arts Council Oklahoma City (nonprofit)",Festival of the Arts
Comparable Fair,Location,"Bicentennial Park, Oklahoma City, OK",Festival of the Arts
Comparable Fair,When,Late April,Festival of the Arts
Comparable Fair,Duration,6 days,Festival of the Arts
Comparable Fair,Artists,144 juried artists,Festival of the Arts
Comparable Fair,Attendance,750000+,Festival of the Arts
Comparable Fair,Features,"Huge free festival, performance stages, international food row",Festival of the Arts
Comparable Fair,Tickets,Free admission,Festival of the Arts
Comparable Fair,Website,artscouncilokc.com/festival-of-the-arts,Festival of the Arts
,,,,
Comparable Fair,Name,ArtPrize,ArtPrize
Comparable Fair,Org,ArtPrize (nonprofit),ArtPrize
Comparable Fair,Location,"Downtown Grand Rapids, MI",ArtPrize
Comparable Fair,When,September (18 days),ArtPrize
Comparable Fair,Duration,18 days,ArtPrize
Comparable Fair,Artists,1000+ entries city-wide,ArtPrize
Comparable Fair,Attendance,500000+,ArtPrize
Comparable Fair,Features,"Open, international art competition; public vote + jury prizes totaling $500K+",ArtPrize
Comparable Fair,Tickets,Free admission,ArtPrize
Comparable Fair,Website,artprize.org,ArtPrize
,,,,
Comparable Fair,Name,Talbot Street Art Fair,Talbot Street Art Fair
Comparable Fair,Org,Herron-Morton Place Foundation (nonprofit),Talbot Street Art Fair
Comparable Fair,Location,"Herron-Morton Place, Indianapolis, IN",Talbot Street Art Fair
Comparable Fair,When,Second weekend of June,Talbot Street Art Fair
Comparable Fair,Duration,2 days,Talbot Street Art Fair
Comparable Fair,Artists,250+ juried artists,Talbot Street Art Fair
Comparable Fair,Attendance,25000+,Talbot Street Art Fair
Comparable Fair,Features,"Historic neighborhood setting, live music, food, same city as Penrod",Talbot Street Art Fair
Comparable Fair,Tickets,Free admission,Talbot Street Art Fair
Comparable Fair,Website,talbotstreet.org,Talbot Street Art Fair
,,,,
Comparable Fair,Name,Winter Park Sidewalk Art Festival,Winter Park Sidewalk Art Festival
Comparable Fair,Org,Winter Park Sidewalk Art Festival Inc (nonprofit),Winter Park Sidewalk Art Festival
Comparable Fair,Location,"Downtown Winter Park, FL",Winter Park Sidewalk Art Festival
Comparable Fair,When,"March 20-22, 2026",Winter Park Sidewalk Art Festival
Comparable Fair,Duration,3 days,Winter Park Sidewalk Art Festival
Comparable Fair,Artists,218 juried artists,Winter Park Sidewalk Art Festival
Comparable Fair,Attendance,"350,000+",Winter Park Sidewalk Art Festival
Comparable Fair,Features,One of the nation's oldest and most prestigious outdoor art festivals (est. 1960),Winter Park Sidewalk Art Festival
Comparable Fair,Tickets,Free admission,Winter Park Sidewalk Art Festival
Comparable Fair,Website,wpsaf.org,Winter Park Sidewalk Art Festival
,,,,
Comparable Fair,Name,Scottsdale Arts Festival,Scottsdale Arts Festival
Comparable Fair,Org,Scottsdale Arts (nonprofit),Scottsdale Arts Festival
Comparable Fair,Location,"Scottsdale Civic Center Mall, Scottsdale, AZ",Scottsdale Arts Festival
Comparable Fair,When,March (typically 2nd weekend),Scottsdale Arts Festival
Comparable Fair,Duration,3 days,Scottsdale Arts Festival
Comparable Fair,Artists,170 juried artists,Scottsdale Arts Festival
Comparable Fair,Attendance,"40,000+",Scottsdale Arts Festival
Comparable Fair,Features,"Live entertainment, hands-on art activities, culinary pavilion",Scottsdale Arts Festival
Comparable Fair,Tickets,Ticketed (~$15 GA),Scottsdale Arts Festival
Comparable Fair,Website,scottsdaleartsfestival.org,Scottsdale Arts Festival
,,,,
Comparable Fair,Name,Sausalito Art Festival,Sausalito Art Festival
Comparable Fair,Org,Sausalito Art Festival Foundation (nonprofit),Sausalito Art Festival
Comparable Fair,Location,"Marinship Park, Sausalito, CA",Sausalito Art Festival
Comparable Fair,When,Labor Day weekend (September),Sausalito Art Festival
Comparable Fair,Duration,3 days,Sausalito Art Festival
Comparable Fair,Artists,260 juried artists,Sausalito Art Festival
Comparable Fair,Attendance,"40,000+",Sausalito Art Festival
Comparable Fair,Features,"Premium wine & food, waterfront setting, live music stages",Sausalito Art Festival
Comparable Fair,Tickets,Ticketed (~$25 GA),Sausalito Art Festival
Comparable Fair,Website,sausalitoartfestival.org,Sausalito Art Festival
,,,,
Comparable Fair,Name,ArtFest Fort Myers,ArtFest Fort Myers
Comparable Fair,Org,ArtFest Fort Myers Inc (nonprofit),ArtFest Fort Myers
Comparable Fair,Location,"Riverfront of Downtown Fort Myers, FL",ArtFest Fort Myers
Comparable Fair,When,"February 6-8, 2026",ArtFest Fort Myers
Comparable Fair,Duration,3 days,ArtFest Fort Myers
Comparable Fair,Artists,200+ juried artists,ArtFest Fort Myers
Comparable Fair,Attendance,"100,000+",ArtFest Fort Myers
Comparable Fair,Features,"Interactive art yard, chalk block, live music on 2 stages",ArtFest Fort Myers
Comparable Fair,Tickets,Free admission,ArtFest Fort Myers
Comparable Fair,Website,artfestfortmyers.com,ArtFest Fort Myers
,,,,
Comparable Fair,Name,ArtiGras Fine Arts Festival,ArtiGras Fine Arts Festival
Comparable Fair,Org,ArtiGras (nonprofit),ArtiGras Fine Arts Festival
Comparable Fair,Location,"Gardens North County District Park, Palm Beach Gardens, FL",ArtiGras Fine Arts Festival
Comparable Fair,When,"February 14-15, 2026",ArtiGras Fine Arts Festival
Comparable Fair,Duration,2 days,ArtiGras Fine Arts Festival
Comparable Fair,Artists,230 juried artists,ArtiGras Fine Arts Festival
Comparable Fair,Attendance,"85,000+",ArtiGras Fine Arts Festival
Comparable Fair,Features,One of the top-ranked fine art festivals in the Southeast,ArtiGras Fine Arts Festival
Comparable Fair,Tickets,Ticketed (~$12 GA),ArtiGras Fine Arts Festival
Comparable Fair,Website,artigras.org,ArtiGras Fine Arts Festival
,,,,
Comparable Fair,Name,Cottonwood Art Festival,Cottonwood Art Festival
Comparable Fair,Org,City of Richardson (municipal),Cottonwood Art Festival
Comparable Fair,Location,"Cottonwood Park, Richardson, TX",Cottonwood Art Festival
Comparable Fair,When,May & October weekends,Cottonwood Art Festival
Comparable Fair,Duration,2 days (twice yearly),Cottonwood Art Festival
Comparable Fair,Artists,200 juried artists per show,Cottonwood Art Festival
Comparable Fair,Attendance,"50,000+ per show",Cottonwood Art Festival
Comparable Fair,Features,"Top-ranked Texas art festival, twice yearly (spring & fall)",Cottonwood Art Festival
Comparable Fair,Tickets,Free admission,Cottonwood Art Festival
Comparable Fair,Website,cottonwoodartfestival.com,Cottonwood Art Festival
,,,,
Comparable Fair,Name,Art in the Pearl,Art in the Pearl
Comparable Fair,Org,Art in the Pearl (nonprofit),Art in the Pearl
Comparable Fair,Location,"NW Park Blocks, Portland, OR",Art in the Pearl
Comparable Fair,When,"September 5-7, 2026 (Labor Day weekend)",Art in the Pearl
Comparable Fair,Duration,3 days,Art in the Pearl
Comparable Fair,Artists,140 juried artists,Art in the Pearl
Comparable Fair,Attendance,"75,000+",Art in the Pearl
Comparable Fair,Features,"Live music, food, kids' activities in historic Pearl District",Art in the Pearl
Comparable Fair,Tickets,Free admission,Art in the Pearl
Comparable Fair,Website,artinthepearl.com,Art in the Pearl
,,,,
Comparable Fair,Name,Salem Art Fair & Festival,Salem Art Fair & Festival
Comparable Fair,Org,Salem Art Association (nonprofit),Salem Art Fair & Festival
Comparable Fair,Location,"Bush's Pasture Park, Salem, OR",Salem Art Fair & Festival
Comparable Fair,When,July (3 days),Salem Art Fair & Festival
Comparable Fair,Duration,3 days,Salem Art Fair & Festival
Comparable Fair,Artists,200 juried artists,Salem Art Fair & Festival
Comparable Fair,Attendance,"35,000+",Salem Art Fair & Festival
Comparable Fair,Features,One of the largest juried art fairs in the Pacific Northwest,Salem Art Fair & Festival
Comparable Fair,Tickets,Ticketed (~$7 GA),Salem Art Fair & Festival
Comparable Fair,Website,salemartfair.org,Salem Art Fair & Festival
,,,,
Comparable Fair,Name,Bellevue Arts Fair,Bellevue Arts Fair
Comparable Fair,Org,Bellevue Arts Museum (nonprofit),Bellevue Arts Fair
Comparable Fair,Location,"Bellevue Square, Bellevue, WA",Bellevue Arts Fair
Comparable Fair,When,"July 24-26, 2026",Bellevue Arts Fair
Comparable Fair,Duration,3 days,Bellevue Arts Fair
Comparable Fair,Artists,250 juried artists,Bellevue Arts Fair
Comparable Fair,Attendance,"100,000+",Bellevue Arts Fair
Comparable Fair,Features,"Premier Pacific Northwest art event, coincides with Bellevue Arts Museum ArtsFair",Bellevue Arts Fair
Comparable Fair,Tickets,Free admission,Bellevue Arts Fair
Comparable Fair,Website,bellevueartsfair.com,Bellevue Arts Fair
,,,,
Comparable Fair,Name,Corn Hill Arts Festival,Corn Hill Arts Festival
Comparable Fair,Org,Corn Hill Neighbors Association (nonprofit),Corn Hill Arts Festival
Comparable Fair,Location,"Historic Corn Hill Neighborhood, Rochester, NY",Corn Hill Arts Festival
Comparable Fair,When,"July 11-12, 2026",Corn Hill Arts Festival
Comparable Fair,Duration,2 days,Corn Hill Arts Festival
Comparable Fair,Artists,350+ juried artists,Corn Hill Arts Festival
Comparable Fair,Attendance,"150,000+",Corn Hill Arts Festival
Comparable Fair,Features,"One of the top art festivals in NYS, live music, food, historic neighborhood",Corn Hill Arts Festival
Comparable Fair,Tickets,Free admission,Corn Hill Arts Festival
Comparable Fair,Website,cornhillartsfestival.com,Corn Hill Arts Festival
,,,,
Comparable Fair,Name,Syracuse Arts & Crafts Festival,Syracuse Arts & Crafts Festival
Comparable Fair,Org,Syracuse Arts & Crafts Festival (nonprofit),Syracuse Arts & Crafts Festival
Comparable Fair,Location,"Cathedral Square, Downtown Syracuse, NY",Syracuse Arts & Crafts Festival
Comparable Fair,When,"July 24-26, 2026",Syracuse Arts & Crafts Festival
Comparable Fair,Duration,3 days,Syracuse Arts & Crafts Festival
Comparable Fair,Artists,140 juried artists,Syracuse Arts & Crafts Festival
Comparable Fair,Attendance,"50,000+",Syracuse Arts & Crafts Festival
Comparable Fair,Features,"Historic downtown setting, food, live entertainment",Syracuse Arts & Crafts Festival
Comparable Fair,Tickets,Free admission,Syracuse Arts & Crafts Festival
Comparable Fair,Website,syracuseartsandcraftsfestival.com,Syracuse Arts & Crafts Festival
,,,,
Comparable Fair,Name,Breckenridge July Fine Art Festival,Breckenridge July Fine Art Festival
Comparable Fair,Org,Mountain Art Festivals (event producer),Breckenridge July Fine Art Festival
Comparable Fair,Location,"Main Street Station, Breckenridge, CO",Breckenridge July Fine Art Festival
Comparable Fair,When,"July 2-4, 2026",Breckenridge July Fine Art Festival
Comparable Fair,Duration,3 days,Breckenridge July Fine Art Festival
Comparable Fair,Artists,110 juried artists,Breckenridge July Fine Art Festival
Comparable Fair,Attendance,"20,000+",Breckenridge July Fine Art Festival
Comparable Fair,Features,"Mountain setting at 9,600 ft elevation, 43rd annual",Breckenridge July Fine Art Festival
Comparable Fair,Tickets,Free admission,Breckenridge July Fine Art Festival
Comparable Fair,Website,mountainartfestivals.com,Breckenridge July Fine Art Festival
,,,,
Comparable Fair,Name,Lakeshore Art Festival,Lakeshore Art Festival
Comparable Fair,Org,Lakeshore Art Festival (nonprofit),Lakeshore Art Festival
Comparable Fair,Location,"Downtown Muskegon, MI",Lakeshore Art Festival
Comparable Fair,When,"June 27-28, 2026",Lakeshore Art Festival
Comparable Fair,Duration,2 days,Lakeshore Art Festival
Comparable Fair,Artists,250 juried artists,Lakeshore Art Festival
Comparable Fair,Attendance,"100,000+",Lakeshore Art Festival
Comparable Fair,Features,"Top-ranked Michigan art festival, food, live music",Lakeshore Art Festival
Comparable Fair,Tickets,Free admission,Lakeshore Art Festival
Comparable Fair,Website,lakeshoreartfestival.org,Lakeshore Art Festival
,,,,
Comparable Fair,Name,Belle Isle Art Fair,Belle Isle Art Fair
Comparable Fair,Org,Belle Isle Art Fair (nonprofit),Belle Isle Art Fair
Comparable Fair,Location,"Belle Isle, Detroit, MI",Belle Isle Art Fair
Comparable Fair,When,"August 1-2, 2026",Belle Isle Art Fair
Comparable Fair,Duration,2 days,Belle Isle Art Fair
Comparable Fair,Artists,200 juried artists,Belle Isle Art Fair
Comparable Fair,Attendance,"30,000+",Belle Isle Art Fair
Comparable Fair,Features,"Island park setting, live music, food trucks",Belle Isle Art Fair
Comparable Fair,Tickets,Ticketed (~$10 GA),Belle Isle Art Fair
Comparable Fair,Website,belleisleartfair.com,Belle Isle Art Fair
,,,,
Comparable Fair,Name,Kalamazoo Institute of Arts Fair,Kalamazoo Institute of Arts Fair
Comparable Fair,Org,Kalamazoo Institute of Arts (nonprofit),Kalamazoo Institute of Arts Fair
Comparable Fair,Location,"KIA Campus, Kalamazoo, MI",Kalamazoo Institute of Arts Fair
Comparable Fair,When,"June 5-6, 2026",Kalamazoo Institute of Arts Fair
Comparable Fair,Duration,2 days,Kalamazoo Institute of Arts Fair
Comparable Fair,Artists,145 juried artists,Kalamazoo Institute of Arts Fair
Comparable Fair,Attendance,"25,000+",Kalamazoo Institute of Arts Fair
Comparable Fair,Features,"Museum-hosted, fine art focused, live music",Kalamazoo Institute of Arts Fair
Comparable Fair,Tickets,Free admission,Kalamazoo Institute of Arts Fair
Comparable Fair,Website,kiarts.org/arts-fair,Kalamazoo Institute of Arts Fair
,,,,
Comparable Fair,Name,Fourth Street Festival of the Arts & Crafts,Fourth Street Festival of the Arts & Crafts
Comparable Fair,Org,Fourth Street Festival Inc (nonprofit),Fourth Street Festival of the Arts & Crafts
Comparable Fair,Location,"4th Street, Bloomington, IN",Fourth Street Festival of the Arts & Crafts
Comparable Fair,When,"September 5-6, 2026 (Labor Day weekend)",Fourth Street Festival of the Arts & Crafts
Comparable Fair,Duration,2 days,Fourth Street Festival of the Arts & Crafts
Comparable Fair,Artists,125 juried artists,Fourth Street Festival of the Arts & Crafts
Comparable Fair,Attendance,"30,000+",Fourth Street Festival of the Arts & Crafts
Comparable Fair,Features,"College town setting, same city as Indiana University",Fourth Street Festival of the Arts & Crafts
Comparable Fair,Tickets,Free admission,Fourth Street Festival of the Arts & Crafts
Comparable Fair,Website,4thstreet.org,Fourth Street Festival of the Arts & Crafts
,,,,
Comparable Fair,Name,Saint Louis Art Fair,Saint Louis Art Fair
Comparable Fair,Org,Cultural Festivals Inc (nonprofit),Saint Louis Art Fair
Comparable Fair,Location,"Downtown Clayton, MO",Saint Louis Art Fair
Comparable Fair,When,"September 18-20, 2026",Saint Louis Art Fair
Comparable Fair,Duration,3 days,Saint Louis Art Fair
Comparable Fair,Artists,181 juried artists,Saint Louis Art Fair
Comparable Fair,Attendance,"130,000+",Saint Louis Art Fair
Comparable Fair,Features,"Grand Pinnacle Award winner, live music, food, 33rd annual",Saint Louis Art Fair
Comparable Fair,Tickets,Free admission,Saint Louis Art Fair
Comparable Fair,Website,saintlouisartfair.com,Saint Louis Art Fair
,,,,
Comparable Fair,Name,Coconut Point Art Festival,Coconut Point Art Festival
Comparable Fair,Org,Howard Alan Events (producer),Coconut Point Art Festival
Comparable Fair,Location,"Coconut Point, Estero, FL",Coconut Point Art Festival
Comparable Fair,When,January (2 days),Coconut Point Art Festival
Comparable Fair,Duration,2 days,Coconut Point Art Festival
Comparable Fair,Artists,200+ juried artists,Coconut Point Art Festival
Comparable Fair,Attendance,"50,000+",Coconut Point Art Festival
Comparable Fair,Features,"Upscale outdoor shopping center setting, fine art",Coconut Point Art Festival
Comparable Fair,Tickets,Free admission,Coconut Point Art Festival
Comparable Fair,Website,artfestival.com,Coconut Point Art Festival
,,,,
Comparable Fair,Name,Magic City Art Connection,Magic City Art Connection
Comparable Fair,Org,Magic City Art Connection (nonprofit),Magic City Art Connection
Comparable Fair,Location,"Sloss Furnaces, Birmingham, AL",Magic City Art Connection
Comparable Fair,When,"April 24-26, 2026",Magic City Art Connection
Comparable Fair,Duration,3 days,Magic City Art Connection
Comparable Fair,Artists,165 juried artists,Magic City Art Connection
Comparable Fair,Attendance,"60,000+",Magic City Art Connection
Comparable Fair,Features,"National Historic Landmark setting, live music, food",Magic City Art Connection
Comparable Fair,Tickets,Ticketed (~$10 GA),Magic City Art Connection
Comparable Fair,Website,magiccityart.com,Magic City Art Connection
,,,,
Comparable Fair,Name,Park Point Art Fair,Park Point Art Fair
Comparable Fair,Org,Park Point Art Fair (community nonprofit),Park Point Art Fair
Comparable Fair,Location,"Park Point, Duluth, MN",Park Point Art Fair
Comparable Fair,When,"June 27-28, 2026",Park Point Art Fair
Comparable Fair,Duration,2 days,Park Point Art Fair
Comparable Fair,Artists,110 juried artists,Park Point Art Fair
Comparable Fair,Attendance,"10,000+",Park Point Art Fair
Comparable Fair,Features,"Sandy beach setting on Lake Superior, community-run",Park Point Art Fair
Comparable Fair,Tickets,Free admission,Park Point Art Fair
Comparable Fair,Website,parkpointartfair.org,Park Point Art Fair
,,,,
Comparable Fair,Name,Leeper Park Art Fair,Leeper Park Art Fair
Comparable Fair,Org,Leeper Park Art Fair (nonprofit),Leeper Park Art Fair
Comparable Fair,Location,"Riverside Dr, South Bend, IN",Leeper Park Art Fair
Comparable Fair,When,"June 20-21, 2026",Leeper Park Art Fair
Comparable Fair,Duration,2 days,Leeper Park Art Fair
Comparable Fair,Artists,90 juried artists,Leeper Park Art Fair
Comparable Fair,Attendance,"15,000+",Leeper Park Art Fair
Comparable Fair,Features,"Riverside park setting near Notre Dame, same state as Penrod",Leeper Park Art Fair
Comparable Fair,Tickets,Free admission,Leeper Park Art Fair
Comparable Fair,Website,leeperparkartfair.org,Leeper Park Art Fair
,,,,
Comparable Fair,Name,Piedmont Park Arts Festival,Piedmont Park Arts Festival
Comparable Fair,Org,Atlanta Foundation for Public Spaces (nonprofit),Piedmont Park Arts Festival
Comparable Fair,Location,"Piedmont Park, Atlanta, GA",Piedmont Park Arts Festival
Comparable Fair,When,"August 15-16, 2026",Piedmont Park Arts Festival
Comparable Fair,Duration,2 days,Piedmont Park Arts Festival
Comparable Fair,Artists,250 juried artists,Piedmont Park Arts Festival
Comparable Fair,Attendance,"40,000+",Piedmont Park Arts Festival
Comparable Fair,Features,"Major Atlanta park setting, live music, food",Piedmont Park Arts Festival
Comparable Fair,Tickets,Free admission,Piedmont Park Arts Festival
Comparable Fair,Website,piedmontparkartsfestival.com,Piedmont Park Arts Festival
,,,,
Comparable Fair,Name,Mayfaire by the Lake,Mayfaire by the Lake
Comparable Fair,Org,Polk Museum of Art (nonprofit),Mayfaire by the Lake
Comparable Fair,Location,"Lake Morton, Lakeland, FL",Mayfaire by the Lake
Comparable Fair,When,May (typically 1st weekend),Mayfaire by the Lake
Comparable Fair,Duration,2 days,Mayfaire by the Lake
Comparable Fair,Artists,200+ juried artists,Mayfaire by the Lake
Comparable Fair,Attendance,"40,000+",Mayfaire by the Lake
Comparable Fair,Features,"Lakeside setting, museum-supported, 50+ year tradition",Mayfaire by the Lake
Comparable Fair,Tickets,Free admission,Mayfaire by the Lake
Comparable Fair,Website,polkmuseumofart.org,Mayfaire by the Lake
,,,,
Comparable Fair,Name,Mount Dora Arts Festival,Mount Dora Arts Festival
Comparable Fair,Org,Mount Dora Center for the Arts (nonprofit),Mount Dora Arts Festival
Comparable Fair,Location,"Downtown Mount Dora, FL",Mount Dora Arts Festival
Comparable Fair,When,February (1st weekend),Mount Dora Arts Festival
Comparable Fair,Duration,2 days,Mount Dora Arts Festival
Comparable Fair,Artists,275+ juried artists,Mount Dora Arts Festival
Comparable Fair,Attendance,"100,000+",Mount Dora Arts Festival
Comparable Fair,Features,"Ranked top art fair in Southeast, charming small town setting",Mount Dora Arts Festival
Comparable Fair,Tickets,Free admission,Mount Dora Arts Festival
Comparable Fair,Website,mountdoracenterforthearts.org,Mount Dora Arts Festival
,,,,
Comparable Fair,Name,Celebration of Fine Art,Celebration of Fine Art
Comparable Fair,Org,Celebration of Fine Art LLC,Celebration of Fine Art
Comparable Fair,Location,"Scottsdale, AZ",Celebration of Fine Art
Comparable Fair,When,January–March (10 weeks),Celebration of Fine Art
Comparable Fair,Duration,10 weeks,Celebration of Fine Art
Comparable Fair,Artists,100 juried artists working on-site,Celebration of Fine Art
Comparable Fair,Attendance,"60,000+ over season",Celebration of Fine Art
Comparable Fair,Features,Unique format — artists create on-site in heated tents for 10 weeks,Celebration of Fine Art
Comparable Fair,Tickets,Ticketed (~$10 GA),Celebration of Fine Art
Comparable Fair,Website,celebrateart.com,Celebration of Fine Art
,,,,
Comparable Fair,Name,Fountain Hills Great Fair,Fountain Hills Great Fair
Comparable Fair,Org,Fountain Hills Great Fair (nonprofit),Fountain Hills Great Fair
Comparable Fair,Location,"Avenue of the Fountains, Fountain Hills, AZ",Fountain Hills Great Fair
Comparable Fair,When,February–March (3 weekends),Fountain Hills Great Fair
Comparable Fair,Duration,Multiple weekends,Fountain Hills Great Fair
Comparable Fair,Artists,400+ juried artists,Fountain Hills Great Fair
Comparable Fair,Attendance,"200,000+",Fountain Hills Great Fair
Comparable Fair,Features,"Longest-running juried fine art and craft show in AZ, 3 consecutive weekends",Fountain Hills Great Fair
Comparable Fair,Tickets,Free admission,Fountain Hills Great Fair
Comparable Fair,Website,fountainhillsgreatfair.org,Fountain Hills Great Fair
,,,,
Comparable Fair,Name,Naples National Art Festival,Naples National Art Festival
Comparable Fair,Org,Naples Art Association (nonprofit),Naples National Art Festival
Comparable Fair,Location,"Cambier Park & 8th Street, Naples, FL",Naples National Art Festival
Comparable Fair,When,February (Presidents Day weekend),Naples National Art Festival
Comparable Fair,Duration,2 days,Naples National Art Festival
Comparable Fair,Artists,260 juried artists,Naples National Art Festival
Comparable Fair,Attendance,"20,000+",Naples National Art Festival
Comparable Fair,Features,"Top-ranked nationally, fine art focus, Gulf Coast setting",Naples National Art Festival
Comparable Fair,Tickets,Free admission,Naples National Art Festival
Comparable Fair,Website,naplesart.org,Naples National Art Festival
,,,,
Comparable Fair,Name,Beaux Arts Fair,Beaux Arts Fair
Comparable Fair,Org,Beaux Arts Society of the Indianapolis Museum of Art (nonprofit),Beaux Arts Fair
Comparable Fair,Location,"Newfields Campus, Indianapolis, IN",Beaux Arts Fair
Comparable Fair,When,March (1 day),Beaux Arts Fair
Comparable Fair,Duration,1 day,Beaux Arts Fair
Comparable Fair,Artists,80+ artists,Beaux Arts Fair
Comparable Fair,Attendance,"5,000+",Beaux Arts Fair
Comparable Fair,Features,"Same venue as Penrod, museum fundraiser, smaller scale",Beaux Arts Fair
Comparable Fair,Tickets,Ticketed,Beaux Arts Fair
Comparable Fair,Website,discovernewfields.org,Beaux Arts Fair
,,,,
Comparable Fair,Name,Broad Ripple Art Fair,Broad Ripple Art Fair
Comparable Fair,Org,Indianapolis Art Center (nonprofit),Broad Ripple Art Fair
Comparable Fair,Location,"Broad Ripple Village, Indianapolis, IN",Broad Ripple Art Fair
Comparable Fair,When,May (typically 3rd weekend),Broad Ripple Art Fair
Comparable Fair,Duration,1 day,Broad Ripple Art Fair
Comparable Fair,Artists,175 juried artists,Broad Ripple Art Fair
Comparable Fair,Attendance,"20,000+",Broad Ripple Art Fair
Comparable Fair,Features,"Same city as Penrod, neighborhood art fair, 50+ years",Broad Ripple Art Fair
Comparable Fair,Tickets,Free admission,Broad Ripple Art Fair
Comparable Fair,Website,indyartcenter.org,Broad Ripple Art Fair
,,,,
Comparable Fair,Name,Art on the Square,Art on the Square
Comparable Fair,Org,Belleville Main Street (nonprofit),Art on the Square
Comparable Fair,Location,"Downtown Belleville, IL",Art on the Square
Comparable Fair,When,May (Memorial Day weekend),Art on the Square
Comparable Fair,Duration,2 days,Art on the Square
Comparable Fair,Artists,80 juried artists,Art on the Square
Comparable Fair,Attendance,"25,000+",Art on the Square
Comparable Fair,Features,"Historic courthouse square setting, food, live music",Art on the Square
Comparable Fair,Tickets,Free admission,Art on the Square
Comparable Fair,Website,artonthesquare.com,Art on the Square
,,,,
Comparable Fair,Name,Beverly Hills Art Show,Beverly Hills Art Show
Comparable Fair,Org,City of Beverly Hills (municipal),Beverly Hills Art Show
Comparable Fair,Location,"Beverly Gardens Park, Beverly Hills, CA",Beverly Hills Art Show
Comparable Fair,When,"May 16-17, 2026 (spring) & October (fall)",Beverly Hills Art Show
Comparable Fair,Duration,2 days (twice yearly),Beverly Hills Art Show
Comparable Fair,Artists,250 juried artists,Beverly Hills Art Show
Comparable Fair,Attendance,"40,000+ per show",Beverly Hills Art Show
Comparable Fair,Features,"53rd year, held in world-famous Beverly Gardens Park",Beverly Hills Art Show
Comparable Fair,Tickets,Free admission,Beverly Hills Art Show
Comparable Fair,Website,beverlyhills.org/artshow,Beverly Hills Art Show
,,,,
Comparable Fair,Name,La Quinta Arts Festival,La Quinta Arts Festival
Comparable Fair,Org,La Quinta Arts Foundation (nonprofit),La Quinta Arts Festival
Comparable Fair,Location,"La Quinta Civic Center Campus, La Quinta, CA",La Quinta Arts Festival
Comparable Fair,When,March (4 days),La Quinta Arts Festival
Comparable Fair,Duration,4 days,La Quinta Arts Festival
Comparable Fair,Artists,200 juried artists,La Quinta Arts Festival
Comparable Fair,Attendance,"28,000+",La Quinta Arts Festival
Comparable Fair,Features,Repeatedly ranked #1 fine art festival in US by various publications,La Quinta Arts Festival
Comparable Fair,Tickets,Ticketed (~$20 GA),La Quinta Arts Festival
Comparable Fair,Website,lqaf.com,La Quinta Arts Festival
,,,,
Comparable Fair,Name,Tempe Festival of the Arts,Tempe Festival of the Arts
Comparable Fair,Org,Downtown Tempe Authority (nonprofit),Tempe Festival of the Arts
Comparable Fair,Location,"Mill Avenue, Tempe, AZ",Tempe Festival of the Arts
Comparable Fair,When,March & December (twice yearly),Tempe Festival of the Arts
Comparable Fair,Duration,3 days each,Tempe Festival of the Arts
Comparable Fair,Artists,350+ artists,Tempe Festival of the Arts
Comparable Fair,Attendance,"200,000+",Tempe Festival of the Arts
Comparable Fair,Features,"One of the largest in the Southwest, pedestrian-friendly Mill Ave",Tempe Festival of the Arts
Comparable Fair,Tickets,Free admission,Tempe Festival of the Arts
Comparable Fair,Website,tempefestivalofthearts.com,Tempe Festival of the Arts
,,,,
Comparable Fair,Name,Art Fair on the Square,Art Fair on the Square
Comparable Fair,Org,Madison Museum of Contemporary Art (nonprofit),Art Fair on the Square
Comparable Fair,Location,"Capitol Square, Madison, WI",Art Fair on the Square
Comparable Fair,When,July (typically 2nd weekend),Art Fair on the Square
Comparable Fair,Duration,2 days,Art Fair on the Square
Comparable Fair,Artists,500+ juried artists,Art Fair on the Square
Comparable Fair,Attendance,"200,000+",Art Fair on the Square
Comparable Fair,Features,"Wisconsin's largest art fair, surrounding the State Capitol",Art Fair on the Square
Comparable Fair,Tickets,Free admission,Art Fair on the Square
Comparable Fair,Website,mmoca.org/events/art-fair-on-the-square,Art Fair on the Square
,,,,
Comparable Fair,Name,Gold Coast Art Fair,Gold Coast Art Fair
Comparable Fair,Org,Amdur Productions (event producer),Gold Coast Art Fair
Comparable Fair,Location,"Grant Park / Butler Field, Chicago, IL",Gold Coast Art Fair
Comparable Fair,When,June (2nd weekend),Gold Coast Art Fair
Comparable Fair,Duration,2 days,Gold Coast Art Fair
Comparable Fair,Artists,300 juried artists,Gold Coast Art Fair
Comparable Fair,Attendance,"75,000+",Gold Coast Art Fair
Comparable Fair,Features,"Grant Park lakefront setting, one of Chicago's premier art fairs",Gold Coast Art Fair
Comparable Fair,Tickets,Suggested $10 donation,Gold Coast Art Fair
Comparable Fair,Website,amdurproductions.com,Gold Coast Art Fair
,,,,
Comparable Fair,Name,Long Grove Art Fest,Long Grove Art Fest
Comparable Fair,Org,Long Grove Arts & Music Council (nonprofit),Long Grove Art Fest
Comparable Fair,Location,"Historic Downtown Long Grove, IL",Long Grove Art Fest
Comparable Fair,When,September (2 days),Long Grove Art Fest
Comparable Fair,Duration,2 days,Long Grove Art Fest
Comparable Fair,Artists,100+ juried artists,Long Grove Art Fest
Comparable Fair,Attendance,"30,000+",Long Grove Art Fest
Comparable Fair,Features,"Charming historic village setting, covered bridge backdrop",Long Grove Art Fest
Comparable Fair,Tickets,Free admission,Long Grove Art Fest
Comparable Fair,Website,longgrove.org,Long Grove Art Fest
,,,,
Comparable Fair,Name,Naperville Art Fair,Naperville Art Fair
Comparable Fair,Org,Naperville Art League (nonprofit),Naperville Art Fair
Comparable Fair,Location,"Naper Settlement, Naperville, IL",Naperville Art Fair
Comparable Fair,When,September (last weekend),Naperville Art Fair
Comparable Fair,Duration,2 days,Naperville Art Fair
Comparable Fair,Artists,100 juried artists,Naperville Art Fair
Comparable Fair,Attendance,"25,000+",Naperville Art Fair
Comparable Fair,Features,"Historic outdoor museum village setting, family activities",Naperville Art Fair
Comparable Fair,Tickets,Ticketed (~$10 GA),Naperville Art Fair
Comparable Fair,Website,napervilleartleague.com,Naperville Art Fair
,,,,
Comparable Fair,Name,King Mango Strut / Coconut Grove Gallery Walk,King Mango Strut / Coconut Grove Gallery Walk
Comparable Fair,Org,Coconut Grove Gallery Walk (community),King Mango Strut / Coconut Grove Gallery Walk
Comparable Fair,Location,"Coconut Grove, Miami, FL",King Mango Strut / Coconut Grove Gallery Walk
Comparable Fair,When,Monthly + annual festival,King Mango Strut / Coconut Grove Gallery Walk
Comparable Fair,Duration,Varies,King Mango Strut / Coconut Grove Gallery Walk
Comparable Fair,Artists,50+ galleries,King Mango Strut / Coconut Grove Gallery Walk
Comparable Fair,Attendance,"15,000+",King Mango Strut / Coconut Grove Gallery Walk
Comparable Fair,Features,"Gallery walk format, different from the main Coconut Grove festival",King Mango Strut / Coconut Grove Gallery Walk
Comparable Fair,Tickets,Free admission,King Mango Strut / Coconut Grove Gallery Walk
Comparable Fair,Website,coconutgrovearts.com,King Mango Strut / Coconut Grove Gallery Walk
,,,,
Comparable Fair,Name,Loring Park Art Festival,Loring Park Art Festival
Comparable Fair,Org,Loring Park Art Festival Inc (nonprofit),Loring Park Art Festival
Comparable Fair,Location,"Loring Park, Minneapolis, MN",Loring Park Art Festival
Comparable Fair,When,July (last weekend),Loring Park Art Festival
Comparable Fair,Duration,2 days,Loring Park Art Festival
Comparable Fair,Artists,140 juried artists,Loring Park Art Festival
Comparable Fair,Attendance,"30,000+",Loring Park Art Festival
Comparable Fair,Features,Urban park setting near Walker Art Center,Loring Park Art Festival
Comparable Fair,Tickets,Free admission,Loring Park Art Festival
Comparable Fair,Website,loringparkartfestival.com,Loring Park Art Festival
,,,,
Comparable Fair,Name,Art-A-Fair,Art-A-Fair
Comparable Fair,Org,Art-A-Fair (nonprofit),Art-A-Fair
Comparable Fair,Location,"Laguna Beach, CA",Art-A-Fair
Comparable Fair,When,June–September (summer-long),Art-A-Fair
Comparable Fair,Duration,~10 weeks,Art-A-Fair
Comparable Fair,Artists,120+ juried artists,Art-A-Fair
Comparable Fair,Attendance,"50,000+ over season",Art-A-Fair
Comparable Fair,Features,"Summer-long festival format, live art demonstrations",Art-A-Fair
Comparable Fair,Tickets,Ticketed (~$9 GA),Art-A-Fair
Comparable Fair,Website,art-a-fair.com,Art-A-Fair
,,,,
Comparable Fair,Name,Festival of Arts / Pageant of the Masters,Festival of Arts / Pageant of the Masters
Comparable Fair,Org,Festival of Arts (nonprofit),Festival of Arts / Pageant of the Masters
Comparable Fair,Location,"Irvine Bowl, Laguna Beach, CA",Festival of Arts / Pageant of the Masters
Comparable Fair,When,July–August,Festival of Arts / Pageant of the Masters
Comparable Fair,Duration,~8 weeks,Festival of Arts / Pageant of the Masters
Comparable Fair,Artists,130+ juried artists,Festival of Arts / Pageant of the Masters
Comparable Fair,Attendance,"150,000+ over season",Festival of Arts / Pageant of the Masters
Comparable Fair,Features,"Iconic Pageant of the Masters living pictures, since 1932",Festival of Arts / Pageant of the Masters
Comparable Fair,Tickets,"Ticketed (~$15 GA, Pageant $30–$250)",Festival of Arts / Pageant of the Masters
Comparable Fair,Website,foapom.com,Festival of Arts / Pageant of the Masters
,,,,
Comparable Fair,Name,Sawdust Art Festival,Sawdust Art Festival
Comparable Fair,Org,Sawdust Art Festival (nonprofit),Sawdust Art Festival
Comparable Fair,Location,"935 Laguna Canyon Rd, Laguna Beach, CA",Sawdust Art Festival
Comparable Fair,When,June–September,Sawdust Art Festival
Comparable Fair,Duration,~10 weeks,Sawdust Art Festival
Comparable Fair,Artists,200+ Laguna Beach artists only,Sawdust Art Festival
Comparable Fair,Attendance,"200,000+ over season",Sawdust Art Festival
Comparable Fair,Features,"Artists must live/work in Laguna Beach, live demos, open-air booths",Sawdust Art Festival
Comparable Fair,Tickets,Ticketed (~$12 GA),Sawdust Art Festival
Comparable Fair,Website,sawdustartfestival.org,Sawdust Art Festival
,,,,
Comparable Fair,Name,Reston Fine Arts Festival,Reston Fine Arts Festival
Comparable Fair,Org,Greater Reston Arts Center (nonprofit),Reston Fine Arts Festival
Comparable Fair,Location,"Reston Town Center, Reston, VA",Reston Fine Arts Festival
Comparable Fair,When,September (3rd weekend),Reston Fine Arts Festival
Comparable Fair,Duration,2 days,Reston Fine Arts Festival
Comparable Fair,Artists,150 juried artists,Reston Fine Arts Festival
Comparable Fair,Attendance,"30,000+",Reston Fine Arts Festival
Comparable Fair,Features,"Town center pedestrian plaza setting, live music",Reston Fine Arts Festival
Comparable Fair,Tickets,Free admission,Reston Fine Arts Festival
Comparable Fair,Website,restonarts.org,Reston Fine Arts Festival
,,,,
Comparable Fair,Name,Bethesda Fine Arts Festival,Bethesda Fine Arts Festival
Comparable Fair,Org,Bethesda Urban Partnership (nonprofit),Bethesda Fine Arts Festival
Comparable Fair,Location,"Woodmont Triangle, Bethesda, MD",Bethesda Fine Arts Festival
Comparable Fair,When,May (2nd weekend),Bethesda Fine Arts Festival
Comparable Fair,Duration,2 days,Bethesda Fine Arts Festival
Comparable Fair,Artists,130 juried artists,Bethesda Fine Arts Festival
Comparable Fair,Attendance,"25,000+",Bethesda Fine Arts Festival
Comparable Fair,Features,"Upscale suburban setting, near DC",Bethesda Fine Arts Festival
Comparable Fair,Tickets,Free admission,Bethesda Fine Arts Festival
Comparable Fair,Website,bethesda.org,Bethesda Fine Arts Festival
,,,,
Comparable Fair,Name,Alexandria King Street Art Festival,Alexandria King Street Art Festival
Comparable Fair,Org,Howard Alan Events (producer),Alexandria King Street Art Festival
Comparable Fair,Location,"King Street, Old Town Alexandria, VA",Alexandria King Street Art Festival
Comparable Fair,When,September (3rd weekend),Alexandria King Street Art Festival
Comparable Fair,Duration,2 days,Alexandria King Street Art Festival
Comparable Fair,Artists,200 juried artists,Alexandria King Street Art Festival
Comparable Fair,Attendance,"50,000+",Alexandria King Street Art Festival
Comparable Fair,Features,"Historic Old Town cobblestone streets, near Potomac River",Alexandria King Street Art Festival
Comparable Fair,Tickets,Free admission,Alexandria King Street Art Festival
Comparable Fair,Website,artfestival.com,Alexandria King Street Art Festival
,,,,
Comparable Fair,Name,Kravis Center Art Festival,Kravis Center Art Festival
Comparable Fair,Org,Howard Alan Events (producer),Kravis Center Art Festival
Comparable Fair,Location,"Kravis Center, West Palm Beach, FL",Kravis Center Art Festival
Comparable Fair,When,February (2 days),Kravis Center Art Festival
Comparable Fair,Duration,2 days,Kravis Center Art Festival
Comparable Fair,Artists,180 juried artists,Kravis Center Art Festival
Comparable Fair,Attendance,"40,000+",Kravis Center Art Festival
Comparable Fair,Features,Adjacent to world-class performing arts center,Kravis Center Art Festival
Comparable Fair,Tickets,Free admission,Kravis Center Art Festival
Comparable Fair,Website,artfestival.com,Kravis Center Art Festival
,,,,
Comparable Fair,Name,Fiesta Arts Fair,Fiesta Arts Fair
Comparable Fair,Org,Southwest School of Art (nonprofit),Fiesta Arts Fair
Comparable Fair,Location,"Southwest School of Art Campus, San Antonio, TX",Fiesta Arts Fair
Comparable Fair,When,April (during Fiesta San Antonio),Fiesta Arts Fair
Comparable Fair,Duration,2 days,Fiesta Arts Fair
Comparable Fair,Artists,125 juried artists,Fiesta Arts Fair
Comparable Fair,Attendance,"30,000+",Fiesta Arts Fair
Comparable Fair,Features,"Part of Fiesta San Antonio citywide celebration, art school campus",Fiesta Arts Fair
Comparable Fair,Tickets,Ticketed (~$10 GA),Fiesta Arts Fair
Comparable Fair,Website,swschool.org,Fiesta Arts Fair
,,,,
Comparable Fair,Name,Palmer Park Art Fair,Palmer Park Art Fair
Comparable Fair,Org,Palmer Park Art Fair (community nonprofit),Palmer Park Art Fair
Comparable Fair,Location,"Palmer Park, Detroit, MI",Palmer Park Art Fair
Comparable Fair,When,"June 6-7, 2026",Palmer Park Art Fair
Comparable Fair,Duration,2 days,Palmer Park Art Fair
Comparable Fair,Artists,97 juried artists,Palmer Park Art Fair
Comparable Fair,Attendance,"15,000+",Palmer Park Art Fair
Comparable Fair,Features,"Urban park setting, grassroots community art fair",Palmer Park Art Fair
Comparable Fair,Tickets,Free admission,Palmer Park Art Fair
Comparable Fair,Website,palmerparkartfair.com,Palmer Park Art Fair
,,,,
Comparable Fair,Name,Crystal Bridges Museum Art Fair,Crystal Bridges Museum Art Fair
Comparable Fair,Org,Crystal Bridges Museum of American Art (nonprofit),Crystal Bridges Museum Art Fair
Comparable Fair,Location,"Heartland Whole Health Institute, Bentonville, AR",Crystal Bridges Museum Art Fair
Comparable Fair,When,"October 3-4, 2026",Crystal Bridges Museum Art Fair
Comparable Fair,Duration,2 days,Crystal Bridges Museum Art Fair
Comparable Fair,Artists,100 juried artists,Crystal Bridges Museum Art Fair
Comparable Fair,Attendance,"20,000+",Crystal Bridges Museum Art Fair
Comparable Fair,Features,Connected to world-class museum (Walmart family funded),Crystal Bridges Museum Art Fair
Comparable Fair,Tickets,Free admission,Crystal Bridges Museum Art Fair
Comparable Fair,Website,crystalbridges.org,Crystal Bridges Museum Art Fair
,,,,
Comparable Fair,Name,Centerfest Arts Festival,Centerfest Arts Festival
Comparable Fair,Org,Durham Arts Council (nonprofit),Centerfest Arts Festival
Comparable Fair,Location,"Downtown Durham, NC",Centerfest Arts Festival
Comparable Fair,When,September (3rd weekend),Centerfest Arts Festival
Comparable Fair,Duration,2 days,Centerfest Arts Festival
Comparable Fair,Artists,140 juried artists,Centerfest Arts Festival
Comparable Fair,Attendance,"30,000+",Centerfest Arts Festival
Comparable Fair,Features,"Durham's signature arts event, live music on multiple stages",Centerfest Arts Festival
Comparable Fair,Tickets,Free admission,Centerfest Arts Festival
Comparable Fair,Website,centerfest.durhamarts.org,Centerfest Arts Festival
,,,,
Comparable Fair,Name,Wausau Festival of Arts,Wausau Festival of Arts
Comparable Fair,Org,Wausau Festival of Arts Inc (nonprofit),Wausau Festival of Arts
Comparable Fair,Location,"400 Block, Downtown Wausau, WI",Wausau Festival of Arts
Comparable Fair,When,September (2nd weekend),Wausau Festival of Arts
Comparable Fair,Duration,2 days,Wausau Festival of Arts
Comparable Fair,Artists,100 juried artists,Wausau Festival of Arts
Comparable Fair,Attendance,"25,000+",Wausau Festival of Arts
Comparable Fair,Features,"Small-city charm, 60+ year tradition, strong community event",Wausau Festival of Arts
Comparable Fair,Tickets,Free admission,Wausau Festival of Arts
Comparable Fair,Website,wausaufoa.org,Wausau Festival of Arts
,,,,
Comparable Fair,Name,Edina Art Fair,Edina Art Fair
Comparable Fair,Org,City of Edina / 50th & France Business Association,Edina Art Fair
Comparable Fair,Location,"50th & France, Edina, MN",Edina Art Fair
Comparable Fair,When,June (1st weekend),Edina Art Fair
Comparable Fair,Duration,3 days,Edina Art Fair
Comparable Fair,Artists,300+ juried artists,Edina Art Fair
Comparable Fair,Attendance,"100,000+",Edina Art Fair
Comparable Fair,Features,One of the highest-rated fairs in the Midwest,Edina Art Fair
Comparable Fair,Tickets,Free admission,Edina Art Fair
Comparable Fair,Website,edinaartfair.com,Edina Art Fair
,,,,
Comparable Fair,Name,Cain Park Arts Festival,Cain Park Arts Festival
Comparable Fair,Org,Cain Park (City of Cleveland Heights),Cain Park Arts Festival
Comparable Fair,Location,"Cain Park, Cleveland Heights, OH",Cain Park Arts Festival
Comparable Fair,When,July (2nd weekend),Cain Park Arts Festival
Comparable Fair,Duration,3 days,Cain Park Arts Festival
Comparable Fair,Artists,150 juried artists,Cain Park Arts Festival
Comparable Fair,Attendance,"60,000+",Cain Park Arts Festival
Comparable Fair,Features,"Amphitheater concerts included, park setting",Cain Park Arts Festival
Comparable Fair,Tickets,Ticketed (~$5 GA),Cain Park Arts Festival
Comparable Fair,Website,cainpark.com,Cain Park Arts Festival
,,,,
Comparable Fair,Name,Crocker Park Fine Art Fair,Crocker Park Fine Art Fair
Comparable Fair,Org,Amdur Productions (event producer),Crocker Park Fine Art Fair
Comparable Fair,Location,"Crocker Park, Westlake, OH",Crocker Park Fine Art Fair
Comparable Fair,When,June (2nd weekend),Crocker Park Fine Art Fair
Comparable Fair,Duration,2 days,Crocker Park Fine Art Fair
Comparable Fair,Artists,100+ juried artists,Crocker Park Fine Art Fair
Comparable Fair,Attendance,"30,000+",Crocker Park Fine Art Fair
Comparable Fair,Features,Upscale mixed-use development setting,Crocker Park Fine Art Fair
Comparable Fair,Tickets,Free admission,Crocker Park Fine Art Fair
Comparable Fair,Website,amdurproductions.com,Crocker Park Fine Art Fair
,,,,
Comparable Fair,Name,Wells Street Art Festival,Wells Street Art Festival
Comparable Fair,Org,Old Town Merchants & Residents Association,Wells Street Art Festival
Comparable Fair,Location,"Wells Street, Old Town, Chicago, IL",Wells Street Art Festival
Comparable Fair,When,June (2nd weekend),Wells Street Art Festival
Comparable Fair,Duration,2 days,Wells Street Art Festival
Comparable Fair,Artists,200+ juried artists,Wells Street Art Festival
Comparable Fair,Attendance,"60,000+",Wells Street Art Festival
Comparable Fair,Features,"Live music on 2 stages, food, Lincoln Park area",Wells Street Art Festival
Comparable Fair,Tickets,Suggested donation,Wells Street Art Festival
Comparable Fair,Website,oldtownchicago.org,Wells Street Art Festival
,,,,
Comparable Fair,Name,Port Clinton Art Festival,Port Clinton Art Festival
Comparable Fair,Org,Amdur Productions (event producer),Port Clinton Art Festival
Comparable Fair,Location,"Green Bay Road, Highland Park, IL",Port Clinton Art Festival
Comparable Fair,When,August (last weekend),Port Clinton Art Festival
Comparable Fair,Duration,2 days,Port Clinton Art Festival
Comparable Fair,Artists,260 juried artists,Port Clinton Art Festival
Comparable Fair,Attendance,"75,000+",Port Clinton Art Festival
Comparable Fair,Features,Consistently ranked among top art festivals nationally,Port Clinton Art Festival
Comparable Fair,Tickets,Free admission,Port Clinton Art Festival
Comparable Fair,Website,amdurproductions.com,Port Clinton Art Festival
,,,,
Comparable Fair,Name,Artscape,Artscape
Comparable Fair,Org,Baltimore Office of Promotion & The Arts (nonprofit),Artscape
Comparable Fair,Location,"Mount Royal Avenue, Baltimore, MD",Artscape
Comparable Fair,When,July (3rd weekend),Artscape
Comparable Fair,Duration,3 days,Artscape
Comparable Fair,Artists,150+ artists,Artscape
Comparable Fair,Attendance,"350,000+",Artscape
Comparable Fair,Features,"America's largest free arts festival, music, film, performance art",Artscape
Comparable Fair,Tickets,Free admission,Artscape
Comparable Fair,Website,artscape.org,Artscape
,,,,
Comparable Fair,Name,Dogwood Festival,Dogwood Festival
Comparable Fair,Org,Dogwood Arts (nonprofit),Dogwood Festival
Comparable Fair,Location,"Market Square, Knoxville, TN",Dogwood Festival
Comparable Fair,When,April (last weekend),Dogwood Festival
Comparable Fair,Duration,2 days,Dogwood Festival
Comparable Fair,Artists,165 juried artists,Dogwood Festival
Comparable Fair,Attendance,"80,000+",Dogwood Festival
Comparable Fair,Features,Coincides with citywide dogwood trail celebrations,Dogwood Festival
Comparable Fair,Tickets,Free admission,Dogwood Festival
Comparable Fair,Website,dogwoodarts.com,Dogwood Festival
,,,,
Comparable Fair,Name,Spoleto Festival USA,Spoleto Festival USA
Comparable Fair,Org,Spoleto Festival USA (nonprofit),Spoleto Festival USA
Comparable Fair,Location,"Various venues, Charleston, SC",Spoleto Festival USA
Comparable Fair,When,May–June (17 days),Spoleto Festival USA
Comparable Fair,Duration,17 days,Spoleto Festival USA
Comparable Fair,Artists,Multiple performing + visual arts,Spoleto Festival USA
Comparable Fair,Attendance,"75,000+",Spoleto Festival USA
Comparable Fair,Features,"Premier performing arts festival with visual art component, international acts",Spoleto Festival USA
Comparable Fair,Tickets,Ticketed (varies by event),Spoleto Festival USA
Comparable Fair,Website,spoletousa.org,Spoleto Festival USA
,,,,
Comparable Fair,Name,Sarasota Fine Art Festival,Sarasota Fine Art Festival
Comparable Fair,Org,Howard Alan Events (producer),Sarasota Fine Art Festival
Comparable Fair,Location,"Downtown Sarasota, FL",Sarasota Fine Art Festival
Comparable Fair,When,February (2 days),Sarasota Fine Art Festival
Comparable Fair,Duration,2 days,Sarasota Fine Art Festival
Comparable Fair,Artists,200 juried artists,Sarasota Fine Art Festival
Comparable Fair,Attendance,"50,000+",Sarasota Fine Art Festival
Comparable Fair,Features,"Gulf Coast cultural hub, fine art focus",Sarasota Fine Art Festival
Comparable Fair,Tickets,Free admission,Sarasota Fine Art Festival
Comparable Fair,Website,artfestival.com,Sarasota Fine Art Festival
,,,,
Comparable Fair,Name,Allentown Art Festival,Allentown Art Festival
Comparable Fair,Org,Allentown Village Society (nonprofit),Allentown Art Festival
Comparable Fair,Location,"Allentown, Buffalo, NY",Allentown Art Festival
Comparable Fair,When,June (2nd weekend),Allentown Art Festival
Comparable Fair,Duration,2 days,Allentown Art Festival
Comparable Fair,Artists,450+ juried artists,Allentown Art Festival
Comparable Fair,Attendance,"300,000+",Allentown Art Festival
Comparable Fair,Features,"One of the largest art festivals in NY, 67th annual (2026), historic neighborhood",Allentown Art Festival
Comparable Fair,Tickets,Free admission,Allentown Art Festival
Comparable Fair,Website,allentownartfestival.com,Allentown Art Festival
,,,,
Comparable Fair,Name,Chattanooga Riverfront Art Festival,Chattanooga Riverfront Art Festival
Comparable Fair,Org,Association for Visual Arts (nonprofit),Chattanooga Riverfront Art Festival
Comparable Fair,Location,"Ross's Landing, Chattanooga, TN",Chattanooga Riverfront Art Festival
Comparable Fair,When,October (2nd weekend),Chattanooga Riverfront Art Festival
Comparable Fair,Duration,2 days,Chattanooga Riverfront Art Festival
Comparable Fair,Artists,100+ juried artists,Chattanooga Riverfront Art Festival
Comparable Fair,Attendance,"25,000+",Chattanooga Riverfront Art Festival
Comparable Fair,Features,Riverfront setting with Tennessee River views,Chattanooga Riverfront Art Festival
Comparable Fair,Tickets,Free admission,Chattanooga Riverfront Art Festival
Comparable Fair,Website,avarts.org,Chattanooga Riverfront Art Festival
,,,,
Comparable Fair,Name,Nashville Cherry Blossom Festival,Nashville Cherry Blossom Festival
Comparable Fair,Org,Nashville Cherry Blossom Festival (nonprofit),Nashville Cherry Blossom Festival
Comparable Fair,Location,"Public Square Park, Nashville, TN",Nashville Cherry Blossom Festival
Comparable Fair,When,April (typically 2nd weekend),Nashville Cherry Blossom Festival
Comparable Fair,Duration,2 days,Nashville Cherry Blossom Festival
Comparable Fair,Artists,100 artists + cultural exhibits,Nashville Cherry Blossom Festival
Comparable Fair,Attendance,"40,000+",Nashville Cherry Blossom Festival
Comparable Fair,Features,"Art, music, cultural festival celebrating cherry blossoms",Nashville Cherry Blossom Festival
Comparable Fair,Tickets,Free admission,Nashville Cherry Blossom Festival
Comparable Fair,Website,nashvillecherryblossomfestival.org,Nashville Cherry Blossom Festival
,,,,
Comparable Fair,Name,Ithaca Festival,Ithaca Festival
Comparable Fair,Org,Ithaca Festival Inc (nonprofit),Ithaca Festival
Comparable Fair,Location,"Ithaca Commons, Ithaca, NY",Ithaca Festival
Comparable Fair,When,June (1st weekend),Ithaca Festival
Comparable Fair,Duration,3 days,Ithaca Festival
Comparable Fair,Artists,100+ artists & makers,Ithaca Festival
Comparable Fair,Attendance,"20,000+",Ithaca Festival
Comparable Fair,Features,"Arts, music, and community celebration in college town",Ithaca Festival
Comparable Fair,Tickets,Free admission,Ithaca Festival
Comparable Fair,Website,ithacafestival.org,Ithaca Festival
,,,,
Comparable Fair,Name,Charlevoix Waterfront Art Fair,Charlevoix Waterfront Art Fair
Comparable Fair,Org,Charlevoix Waterfront Art Fair Committee (nonprofit),Charlevoix Waterfront Art Fair
Comparable Fair,Location,"East Park, Charlevoix, MI",Charlevoix Waterfront Art Fair
Comparable Fair,When,August (2nd Saturday),Charlevoix Waterfront Art Fair
Comparable Fair,Duration,1 day,Charlevoix Waterfront Art Fair
Comparable Fair,Artists,100+ juried artists,Charlevoix Waterfront Art Fair
Comparable Fair,Attendance,"30,000+",Charlevoix Waterfront Art Fair
Comparable Fair,Features,"Scenic lakefront setting, northern Michigan charm",Charlevoix Waterfront Art Fair
Comparable Fair,Tickets,Free admission,Charlevoix Waterfront Art Fair
Comparable Fair,Website,charlevoixwaterfrontartfair.org,Charlevoix Waterfront Art Fair
,,,,
Comparable Fair,Name,SOMI Art Fest,SOMI Art Fest
Comparable Fair,Org,SOMI Art Fest (community nonprofit),SOMI Art Fest
Comparable Fair,Location,"South Miami, FL",SOMI Art Fest
Comparable Fair,When,"February 21-22, 2026",SOMI Art Fest
Comparable Fair,Duration,2 days,SOMI Art Fest
Comparable Fair,Artists,100+ juried artists,SOMI Art Fest
Comparable Fair,Attendance,"15,000+",SOMI Art Fest
Comparable Fair,Features,"Sunset Drive location, 41st annual",SOMI Art Fest
Comparable Fair,Tickets,Free admission,SOMI Art Fest
Comparable Fair,Website,somiartfest.org,SOMI Art Fest
,,,,
Comparable Fair,Name,Key West Art & Craft Festival,Key West Art & Craft Festival
Comparable Fair,Org,Key West Art Center (nonprofit),Key West Art & Craft Festival
Comparable Fair,Location,"Truman Waterfront Park, Key West, FL",Key West Art & Craft Festival
Comparable Fair,When,"February 21-22, 2026",Key West Art & Craft Festival
Comparable Fair,Duration,2 days,Key West Art & Craft Festival
Comparable Fair,Artists,120 juried artists,Key West Art & Craft Festival
Comparable Fair,Attendance,"10,000+",Key West Art & Craft Festival
Comparable Fair,Features,"Waterfront setting, island atmosphere, 61st annual",Key West Art & Craft Festival
Comparable Fair,Tickets,Free admission,Key West Art & Craft Festival
Comparable Fair,Website,keywestartcenter.com,Key West Art & Craft Festival
,,,,
Comparable Fair,Name,Rockbrook Village Art Fair,Rockbrook Village Art Fair
Comparable Fair,Org,Rockbrook Village (community),Rockbrook Village Art Fair
Comparable Fair,Location,"Rockbrook Village, Omaha, NE",Rockbrook Village Art Fair
Comparable Fair,When,"September 12-13, 2026",Rockbrook Village Art Fair
Comparable Fair,Duration,2 days,Rockbrook Village Art Fair
Comparable Fair,Artists,120 juried artists,Rockbrook Village Art Fair
Comparable Fair,Attendance,"20,000+",Rockbrook Village Art Fair
Comparable Fair,Features,"Upscale shopping village setting, Midwest charm",Rockbrook Village Art Fair
Comparable Fair,Tickets,Free admission,Rockbrook Village Art Fair
Comparable Fair,Website,rockbrookvillage.com,Rockbrook Village Art Fair
,,,,
Comparable Fair,Name,Art by the Falls,Art by the Falls
Comparable Fair,Org,Valley Art Center (nonprofit),Art by the Falls
Comparable Fair,Location,"Chagrin Falls, OH",Art by the Falls
Comparable Fair,When,"June 6-7, 2026",Art by the Falls
Comparable Fair,Duration,2 days,Art by the Falls
Comparable Fair,Artists,160 juried artists,Art by the Falls
Comparable Fair,Attendance,"20,000+",Art by the Falls
Comparable Fair,Features,"Picturesque small-town setting with waterfall, 42nd annual",Art by the Falls
Comparable Fair,Tickets,Free admission,Art by the Falls
Comparable Fair,Website,valleyartcenter.org,Art by the Falls
,,,,
Comparable Fair,Name,Webster Arts Fair,Webster Arts Fair
Comparable Fair,Org,Webster Arts (nonprofit),Webster Arts Fair
Comparable Fair,Location,"Eden Seminary, Webster Groves, MO",Webster Arts Fair
Comparable Fair,When,"June 5-7, 2026",Webster Arts Fair
Comparable Fair,Duration,3 days,Webster Arts Fair
Comparable Fair,Artists,100 juried artists,Webster Arts Fair
Comparable Fair,Attendance,"15,000+",Webster Arts Fair
Comparable Fair,Features,"Seminary campus setting, local food and wine",Webster Arts Fair
Comparable Fair,Tickets,Free admission,Webster Arts Fair
Comparable Fair,Website,webster-arts.org,Webster Arts Fair
,,,,
Comparable Fair,Name,Milwaukee Lakefront Festival of Art,Milwaukee Lakefront Festival of Art
Comparable Fair,Org,Friends of Art at MAM (nonprofit),Milwaukee Lakefront Festival of Art
Comparable Fair,Location,"Milwaukee Art Museum lakefront, WI",Milwaukee Lakefront Festival of Art
Comparable Fair,When,June (3rd weekend),Milwaukee Lakefront Festival of Art
Comparable Fair,Duration,3 days,Milwaukee Lakefront Festival of Art
Comparable Fair,Artists,175+ juried artists,Milwaukee Lakefront Festival of Art
Comparable Fair,Attendance,"35,000+",Milwaukee Lakefront Festival of Art
Comparable Fair,Features,Calatrava-designed museum backdrop on Lake Michigan,Milwaukee Lakefront Festival of Art
Comparable Fair,Tickets,Ticketed (~$19 GA),Milwaukee Lakefront Festival of Art
Comparable Fair,Website,lfoa.mam.org,Milwaukee Lakefront Festival of Art
,,,,
Comparable Fair,Name,Summerfest Arts Faire,Summerfest Arts Faire
Comparable Fair,Org,Summerfest Arts Faire (nonprofit),Summerfest Arts Faire
Comparable Fair,Location,"Cache County Fairgrounds, Logan, UT",Summerfest Arts Faire
Comparable Fair,When,"June 18-20, 2026",Summerfest Arts Faire
Comparable Fair,Duration,3 days,Summerfest Arts Faire
Comparable Fair,Artists,170 juried artists,Summerfest Arts Faire
Comparable Fair,Attendance,"30,000+",Summerfest Arts Faire
Comparable Fair,Features,"Mountain valley setting, Cache Valley community event",Summerfest Arts Faire
Comparable Fair,Tickets,Ticketed,Summerfest Arts Faire
Comparable Fair,Website,logansummerfest.org,Summerfest Arts Faire
,,,,
Comparable Fair,Name,Philadelphia Museum of Art Craft Show,Philadelphia Museum of Art Craft Show
Comparable Fair,Org,Women's Committee / Philadelphia Museum of Art (nonprofit),Philadelphia Museum of Art Craft Show
Comparable Fair,Location,"Pennsylvania Convention Center, Philadelphia, PA",Philadelphia Museum of Art Craft Show
Comparable Fair,When,"November 6-8, 2026",Philadelphia Museum of Art Craft Show
Comparable Fair,Duration,3 days,Philadelphia Museum of Art Craft Show
Comparable Fair,Artists,195 juried exhibitors,Philadelphia Museum of Art Craft Show
Comparable Fair,Attendance,"15,000+",Philadelphia Museum of Art Craft Show
Comparable Fair,Features,"50th annual, premier indoor craft show, high-end fine craft",Philadelphia Museum of Art Craft Show
Comparable Fair,Tickets,Ticketed (~$20 GA),Philadelphia Museum of Art Craft Show
Comparable Fair,Website,craftcouncil.org,Philadelphia Museum of Art Craft Show
,,,,
Comparable Fair,Name,Ballyhoo Festival of Fine Art & Culture,Ballyhoo Festival of Fine Art & Culture
Comparable Fair,Org,Ballyhoo Festival (nonprofit),Ballyhoo Festival of Fine Art & Culture
Comparable Fair,Location,"Gulf State Park, Gulf Shores, AL",Ballyhoo Festival of Fine Art & Culture
Comparable Fair,When,"March 7-8, 2026",Ballyhoo Festival of Fine Art & Culture
Comparable Fair,Duration,2 days,Ballyhoo Festival of Fine Art & Culture
Comparable Fair,Artists,100 juried artists,Ballyhoo Festival of Fine Art & Culture
Comparable Fair,Attendance,"15,000+",Ballyhoo Festival of Fine Art & Culture
Comparable Fair,Features,"State park setting, Gulf Coast beach community",Ballyhoo Festival of Fine Art & Culture
Comparable Fair,Tickets,Free admission,Ballyhoo Festival of Fine Art & Culture
Comparable Fair,Website,ballyhoofestival.com,Ballyhoo Festival of Fine Art & Culture
,,,,
Comparable Fair,Name,Spring Festival on Ponce,Spring Festival on Ponce
Comparable Fair,Org,Atlanta Foundation for Public Spaces (nonprofit),Spring Festival on Ponce
Comparable Fair,Location,"Ponce de Leon Avenue, Atlanta, GA",Spring Festival on Ponce
Comparable Fair,When,"April 11-12, 2026",Spring Festival on Ponce
Comparable Fair,Duration,2 days,Spring Festival on Ponce
Comparable Fair,Artists,125 juried artists,Spring Festival on Ponce
Comparable Fair,Attendance,"25,000+",Spring Festival on Ponce
Comparable Fair,Features,"Historic Olmsted Parks setting, 15th annual",Spring Festival on Ponce
Comparable Fair,Tickets,Free admission,Spring Festival on Ponce
Comparable Fair,Website,festivalsonponce.com,Spring Festival on Ponce
,,,,
Comparable Fair,Name,Steamboat Creates Art in the Park,Steamboat Creates Art in the Park
Comparable Fair,Org,Steamboat Creates (nonprofit),Steamboat Creates Art in the Park
Comparable Fair,Location,"West Lincoln Park, Steamboat Springs, CO",Steamboat Creates Art in the Park
Comparable Fair,When,"July 11-12, 2026",Steamboat Creates Art in the Park
Comparable Fair,Duration,2 days,Steamboat Creates Art in the Park
Comparable Fair,Artists,130 juried artists,Steamboat Creates Art in the Park
Comparable Fair,Attendance,"15,000+",Steamboat Creates Art in the Park
Comparable Fair,Features,"Mountain resort town setting, ski town summer vibes",Steamboat Creates Art in the Park
Comparable Fair,Tickets,Free admission,Steamboat Creates Art in the Park
Comparable Fair,Website,steamboatcreates.org,Steamboat Creates Art in the Park
,,,,
Comparable Fair,Name,Wyandotte Street Art Fair,Wyandotte Street Art Fair
Comparable Fair,Org,City of Wyandotte (municipal),Wyandotte Street Art Fair
Comparable Fair,Location,"Biddle Avenue, Wyandotte, MI",Wyandotte Street Art Fair
Comparable Fair,When,July (2nd Wednesday–Saturday),Wyandotte Street Art Fair
Comparable Fair,Duration,4 days,Wyandotte Street Art Fair
Comparable Fair,Artists,300+ artists,Wyandotte Street Art Fair
Comparable Fair,Attendance,"200,000+",Wyandotte Street Art Fair
Comparable Fair,Features,"One of Michigan's largest street art fairs, 4-day format",Wyandotte Street Art Fair
Comparable Fair,Tickets,Free admission,Wyandotte Street Art Fair
Comparable Fair,Website,wyandottestreetartfair.org,Wyandotte Street Art Fair
,,,,
Comparable Fair,Name,Peoria Art Guild Fine Art Fair,Peoria Art Guild Fine Art Fair
Comparable Fair,Org,Peoria Art Guild (nonprofit),Peoria Art Guild Fine Art Fair
Comparable Fair,Location,"Peoria Riverfront, Peoria, IL",Peoria Art Guild Fine Art Fair
Comparable Fair,When,September (3rd weekend),Peoria Art Guild Fine Art Fair
Comparable Fair,Duration,2 days,Peoria Art Guild Fine Art Fair
Comparable Fair,Artists,150 juried artists,Peoria Art Guild Fine Art Fair
Comparable Fair,Attendance,"30,000+",Peoria Art Guild Fine Art Fair
Comparable Fair,Features,"Riverfront setting, central Illinois, 60+ year tradition",Peoria Art Guild Fine Art Fair
Comparable Fair,Tickets,Free admission,Peoria Art Guild Fine Art Fair
Comparable Fair,Website,peoriaartguild.org,Peoria Art Guild Fine Art Fair
,,,,
Comparable Fair,Name,Ann Arbor Summer Art Fair,Ann Arbor Summer Art Fair
Comparable Fair,Org,State Street Area Art Fair (nonprofit),Ann Arbor Summer Art Fair
Comparable Fair,Location,"State Street, Ann Arbor, MI",Ann Arbor Summer Art Fair
Comparable Fair,When,"July 16-18, 2026 (concurrent with Ann Arbor Art Fair)",Ann Arbor Summer Art Fair
Comparable Fair,Duration,3 days,Ann Arbor Summer Art Fair
Comparable Fair,Artists,200+ juried artists,Ann Arbor Summer Art Fair
Comparable Fair,Attendance,"Part of 500,000+ combined",Ann Arbor Summer Art Fair
Comparable Fair,Features,One of 3 concurrent fairs making up the Ann Arbor Art Fair mega-event,Ann Arbor Summer Art Fair
Comparable Fair,Tickets,Free admission,Ann Arbor Summer Art Fair
Comparable Fair,Website,theannarborartfair.com,Ann Arbor Summer Art Fair
,,,,
Comparable Fair,Name,Manayunk Arts Festival,Manayunk Arts Festival
Comparable Fair,Org,Manayunk Development Corp (nonprofit),Manayunk Arts Festival
Comparable Fair,Location,"Main Street, Manayunk (Philadelphia), PA",Manayunk Arts Festival
Comparable Fair,When,June (last weekend),Manayunk Arts Festival
Comparable Fair,Duration,2 days,Manayunk Arts Festival
Comparable Fair,Artists,300+ juried artists,Manayunk Arts Festival
Comparable Fair,Attendance,"200,000+",Manayunk Arts Festival
Comparable Fair,Features,"Canal towpath and Main Street setting, one of the largest in PA",Manayunk Arts Festival
Comparable Fair,Tickets,Free admission,Manayunk Arts Festival
Comparable Fair,Website,manayunk.com,Manayunk Arts Festival
